SubjectId,n_questions,attempts,correct,accuracy,difficulty,Name,ParentId,Level
1977,1,55,15,0.2727272727272727,0.7272727272727273,Mixed operation Negative Numbers,42.0,3
190,1,352,137,0.38920454545454547,0.6107954545454546,Construct Angle,83.0,3
442,1,53,21,0.39622641509433965,0.6037735849056604,Position Vectors and Geometrical Applications,140.0,3
1179,2,1173,474,0.4040920716112532,0.5959079283887467,Compound Measures-Others,79.0,3
315,1,45,19,0.4222222222222222,0.5777777777777777,Permutations and Combinations,151.0,2
480,1,45,19,0.4222222222222222,0.5777777777777777,Factorial Notation,315.0,3
341,29,11948,5112,0.42785403414797457,0.5721459658520254,Interpreting and Comparing Data using Averages and Range,338.0,3
352,3,183,80,0.4371584699453552,0.5628415300546448,Using the Conditional Probability Formula,348.0,3
1200,1,65,29,0.4461538461538462,0.5538461538461539,Advanced Vectors-Others,140.0,3
196,24,11796,5263,0.4461681926076636,0.5538318073923364,Area Units,98.0,3
1648,27,6941,3216,0.46333381357153147,0.5366661864284685,Surface Area of Non-Prisms,100.0,3
343,28,8501,4015,0.47229737677920247,0.5277026232207975,Frequency Diagram and Frequency Polygon,342.0,3
1175,23,12042,5695,0.4729280850357084,0.5270719149642916,Transformation of Functions-Others,68.0,3
313,3,160,77,0.48125,0.51875,Advanced Measures of Variation,151.0,2
474,3,160,77,0.48125,0.51875,Standard Deviation and Variance from Discrete Data,313.0,3
407,4,194,94,0.4845360824742268,0.5154639175257731,Naming Co-ordinates in 3D,81.0,3
410,16,10075,4883,0.48466501240694787,0.5153349875930522,Distance Between Two Co-ordinates,81.0,3
1218,2,958,465,0.48538622129436326,0.5146137787056367,Similarity and Congruency-Others,272.0,3
1647,77,48190,23558,0.48885660925503216,0.5111433907449678,Scale Drawing and Maps,46.0,3
277,16,4987,2443,0.48987367154601963,0.5101263284539803,3D Plane Symmetry,91.0,3
96,8,3135,1541,0.4915470494417863,0.5084529505582137,Combined Transformations,278.0,3
1181,19,22146,11014,0.49733586200668295,0.502664137993317,"Construction, Loci and Scale Drawing-Others",83.0,3
1219,1,78,39,0.5,0.5,Transformations-Others,278.0,3
376,3,426,214,0.5023474178403756,0.4976525821596244,Equations of Normals,126.0,3
263,54,28375,14327,0.5049162995594714,0.49508370044052863,Perpendicular Lines,54.0,3
168,50,22799,11519,0.5052414579586824,0.49475854204131764,Solving Quadratic Inequalities,59.0,3
260,103,74857,37873,0.5059379884312757,0.4940620115687243,Finding the Gradient and Intercept of a Line from the Equation,54.0,3
657,22,10748,5440,0.5061406773353182,0.4938593226646818,Isometric Drawings,176.0,3
273,77,28976,14699,0.5072818884594147,0.4927181115405853,"Length, Area and Volume Scale Factors",272.0,3
268,39,21170,10792,0.5097779877184695,0.4902220122815305,Graphical Solution of Quadratic Equations,55.0,3
266,72,45158,23063,0.5107179237344435,0.48928207626555653,Sketching from Factorised Form,55.0,3
409,44,23887,12361,0.5174781261774187,0.48252187382258127,Gradient Between Two Co-ordinates,81.0,3
188,89,45912,23764,0.5175988848231399,0.48240111517686013,Surface Area of Prisms,100.0,3
105,79,35444,18400,0.5191287665049091,0.48087123349509087,Cumulative Frequency Diagram,342.0,3
191,11,3582,1861,0.5195421552205471,0.48045784477945286,Construct Triangle,83.0,3
1207,3,221,115,0.5203619909502263,0.4796380090497737,Advanced Statistics-Others,151.0,2
151,8,476,248,0.5210084033613446,0.4789915966386554,Advanced Statistics,3.0,1
58,181,95662,49937,0.5220150111852147,0.47798498881478535,Real Life Graphs,158.0,3
337,83,42239,22107,0.523378867870925,0.476621132129075,Types of Data and Questionnaires,113.0,3
539,2,122,64,0.5245901639344263,0.47540983606557374,Velocity-Time Graphs,298.0,3
1079,22,9854,5176,0.5252689263243353,0.4747310736756647,Multiplying and Dividing Algebraic Fractions,255.0,3
93,101,48920,25787,0.5271259198691741,0.4728740801308259,Rotation,278.0,3
264,49,41542,22019,0.53004188532088,0.46995811467911996,Graphical Solution of Simultaneous Equations,54.0,3
55,240,129686,68796,0.5304813164104066,0.46951868358959337,Quadratic Graphs,49.0,2
235,72,42319,22526,0.5322904605496349,0.4677095394503651,Reverse Percentages (Original Amount),44.0,3
72,39,19768,10554,0.533893160663699,0.46610683933630104,3D Pythagoras,271.0,3
1176,19,6335,3387,0.5346487766377269,0.4653512233622731,Geometry and Measure-Others,71.0,2
349,110,70544,37787,0.5356515082785213,0.46434849172147874,Combined Events,348.0,3
1201,8,607,327,0.5387149917627677,0.4612850082372323,Rounding and Estimating-Others,141.0,3
187,76,43135,23283,0.5397704880027819,0.46022951199721807,Sectors of a Circle,77.0,3
1189,2,98,53,0.5408163265306123,0.4591836734693877,Advanced Pure-Others,119.0,2
114,35,10505,5682,0.5408852927177534,0.45911470728224657,Sampling and Bias,338.0,3
1188,15,10464,5666,0.5414755351681957,0.4585244648318043,Data Collection-Others,113.0,3
236,178,56992,30901,0.5421989051094891,0.4578010948905109,Repeated Percentages and Compound Interest,44.0,3
437,33,11986,6499,0.542215918571667,0.45778408142833305,Composite Functions,146.0,3
267,41,16928,9213,0.5442462192816635,0.4557537807183365,Sketching from Completing the Square Form,55.0,3
34,165,95455,52078,0.5455764496359541,0.4544235503640459,Upper and Lower Bounds,141.0,3
265,64,43055,23594,0.5479967483451399,0.4520032516548601,Plotting Quadratics from Tables of Values,55.0,3
435,8,1000,551,0.551,0.44899999999999995,Domain and Range,146.0,3
157,65,43070,23780,0.552124448572092,0.447875551427908,Writing Formula,156.0,3
193,85,51733,28671,0.5542110451742601,0.4457889548257399,Loci Scenarios,83.0,3
76,147,63352,35136,0.5546154817527466,0.44538451824725345,Bearings,74.0,3
100,411,235424,131668,0.5592802772869376,0.44071972271306237,Volume and Surface Area,71.0,2
1186,4,1725,965,0.5594202898550724,0.4405797101449276,Volume and Surface Area-Others,100.0,3
54,696,360854,201945,0.559630764796843,0.44036923520315696,Straight Line Graphs,49.0,2
216,170,99584,55787,0.5602004338046273,0.43979956619537275,Estimation,141.0,3
146,111,46145,25903,0.5613392566908657,0.4386607433091343,Functions,119.0,2
436,26,10621,5979,0.5629413426231051,0.43705865737689487,Inverse Functions,146.0,3
166,99,68516,38615,0.5635909860470547,0.4364090139529453,Solving Linear Inequalities,59.0,3
164,62,10841,6121,0.5646158103495987,0.43538418965040127,Transformations of functions in the form f(x),68.0,3
262,52,22960,12966,0.5647212543554007,0.43527874564459934,Parallel Lines,54.0,3
68,171,52286,29561,0.5653712274796313,0.4346287725203687,Transformation of Functions,49.0,2
83,174,117445,66438,0.565694580441909,0.434305419558091,"Construction, Loci and Scale Drawing",71.0,2
88,198,74155,42039,0.5669071539343268,0.4330928460656732,Properties of Quadrilaterals,174.0,3
189,238,149295,84683,0.5672192638735389,0.43278073612646106,Volume of Prisms,100.0,3
259,135,63828,36244,0.5678385661465187,0.43216143385348127,Finding the Equation of a Line,54.0,3
1080,22,8162,4640,0.568488115657927,0.431511884342073,Solving Equations with Algebraic Fractions,255.0,3
340,88,42746,24315,0.5688251532307117,0.4311748467692883,Averages and Range from Frequency Table,338.0,3
94,143,80322,45705,0.5690221857025473,0.43097781429745274,Enlargement,278.0,3
434,44,22669,12925,0.5701618950990339,0.4298381049009661,Function Notation,146.0,3
51,134,104967,59990,0.5715129516895786,0.4284870483104214,Expanding Double Brackets,152.0,3
160,34,10568,6050,0.5724829674489024,0.42751703255109763,Graphs of Exponentials and Other Powers of x,158.0,3
92,130,72180,41328,0.572568578553616,0.427431421446384,Reflection,278.0,3
103,129,65892,37939,0.5757755114429672,0.42422448855703276,Averages and Range from Grouped Data,338.0,3
656,36,12249,7072,0.5773532533268022,0.4226467466731978,Co-ordinate Geometry with Straight Lines,54.0,3
65,217,112296,64862,0.5775984897057775,0.42240151029422246,Quadratic Equations,154.0,3
332,83,30950,17911,0.5787075928917609,0.4212924071082391,Currency Conversions,331.0,3
1263,17,2646,1532,0.5789871504157218,0.4210128495842782,Money-Others,331.0,3
60,163,101088,58548,0.5791785375118709,0.4208214624881291,Rearranging Formula and Equations,156.0,3
334,140,102097,59175,0.579595874511494,0.42040412548850603,Writing Ratios,46.0,3
70,331,262488,152310,0.58025509737588,0.41974490262412,Writing Expressions,62.0,3
175,89,36878,21401,0.5803188893107002,0.4196811106892998,Properties of Triangles,174.0,3
109,134,87968,51078,0.5806429610767552,0.41935703892324483,Pie Chart,342.0,3
113,150,68556,39834,0.5810432347278137,0.4189567652721863,Data Collection,101.0,2
1216,3,215,125,0.5813953488372093,0.41860465116279066,Algebraic Fractions-Others,255.0,3
344,165,48810,28379,0.5814177422659291,0.4185822577340709,Venn Diagrams,342.0,3
408,45,23290,13574,0.582825246887076,0.41717475311292396,Midpoint Between Two Co-ordinates,81.0,3
278,605,297773,173622,0.5830683104243837,0.4169316895756163,Transformations,71.0,2
1185,24,9380,5470,0.5831556503198294,0.4168443496801706,Basic Vectors-Others,99.0,3
353,85,53704,31402,0.5847236704900939,0.4152763295099061,Probability with Venn Diagrams,348.0,3
257,93,67482,39592,0.5867046027088705,0.4132953972911295,Plotting Lines from Tables of Values,54.0,3
59,310,199497,117225,0.587602821095054,0.412397178904946,Inequalities,49.0,2
56,77,20467,12028,0.5876777251184834,0.4123222748815166,Graphs of Trigonometric Functions,158.0,3
158,461,191808,112904,0.5886302969636303,0.41136970303636966,Other Graphs,49.0,2
251,258,250966,148000,0.5897213168317621,0.4102786831682379,Simplifying Expressions by Collecting Like Terms,62.0,3
269,234,76072,45047,0.5921626879798086,0.40783731202019136,"Speed, Distance, Time",79.0,3
1649,60,35776,21234,0.5935263864042933,0.40647361359570666,Volume of Non-Prisms,100.0,3
377,5,340,202,0.5941176470588235,0.40588235294117647,Second Order Derivative,126.0,3
261,133,35714,21221,0.5941927535420284,0.4058072464579716,Gradient as change in y over change in x,54.0,3
215,156,89225,53083,0.5949341552255534,0.4050658447744466,Rounding to Significant Figures,141.0,3
75,381,267404,159100,0.5949798806300579,0.4050201193699421,Area of Simple Shapes,178.0,3
174,414,156607,93186,0.5950308734603179,0.4049691265396821,2D Names and Properties of Shapes,71.0,2
62,724,558992,333254,0.5961695337321464,0.40383046626785357,Writing and Simplifying Expressions,49.0,2
338,677,338599,202161,0.5970513793602462,0.4029486206397538,Data Processing,101.0,2
692,21,6529,3902,0.5976412926941339,0.4023587073058661,Physics,1642.0,1
698,21,6529,3902,0.5976412926941339,0.4023587073058661,Forces and Motion,692.0,2
700,21,6529,3902,0.5976412926941339,0.4023587073058661,Speed and Distance-Time graphs,698.0,3
1642,21,6529,3902,0.5976412926941339,0.4023587073058661,Science,,0
212,95,102529,61281,0.5976943108778979,0.4023056891221021,Multiplying and Dividing Negative Numbers,42.0,3
1675,3,142,85,0.5985915492957746,0.4014084507042254,Limiting Values of Sequences,137.0,3
1166,3,668,400,0.5988023952095808,0.4011976047904192,Proportion-Others,45.0,3
156,510,374883,224547,0.5989788814110002,0.4010211185889998,Formula,49.0,2
179,103,48024,28769,0.5990546393469932,0.4009453606530068,Compound Area,178.0,3
1161,13,2487,1490,0.5991154000804182,0.4008845999195818,"Fractions, Decimals and Percentage Equivalence-Others",38.0,3
186,124,77818,46636,0.5992957927471794,0.40070420725282063,Area of a Circle,77.0,3
149,3,332,199,0.5993975903614458,0.4006024096385542,Advanced Mechanics,3.0,1
298,3,332,199,0.5993975903614458,0.4006024096385542,Kinematics,149.0,2
1209,4,752,451,0.5997340425531915,0.4002659574468085,Factorising-Others,153.0,3
1651,22,5377,3225,0.5997768272270783,0.40022317277292174,3D Trigonometry,97.0,3
339,64,22895,13736,0.5999563223411225,0.4000436776588775,Range and Interquartile Range from a List of Data,338.0,3
250,52,32629,19589,0.6003555119678813,0.3996444880321187,Rationalising the Denominator,48.0,3
335,22,14524,8722,0.6005232718259432,0.39947672817405677,Expanding Triple Brackets and more,152.0,3
183,255,153745,92350,0.6006699404858694,0.3993300595141306,Angles in Polygons,74.0,3
271,236,174047,104549,0.6006940653961287,0.3993059346038713,Pythagoras,71.0,2
1158,6,779,468,0.6007702182284981,0.3992297817715019,Calculator Use-Others,35.0,3
254,45,37131,22353,0.6020037165710592,0.3979962834289408,Difference of Two Squares,153.0,3
234,253,165029,99594,0.603493931369638,0.396506068630362,Percentage Increase and Decrease,44.0,3
163,86,29403,17745,0.6035098459340884,0.3964901540659116,Transformations of functions in the form y =,68.0,3
185,93,56609,34253,0.6050804642371355,0.39491953576286454,Circumference,77.0,3
112,83,22798,13814,0.6059303447670848,0.39406965523291515,Tree Diagrams with Dependent Events,348.0,3
228,219,148077,89748,0.6060900747584027,0.3939099252415973,Ordering Fractions,39.0,3
79,290,100796,61182,0.6069883725544665,0.39301162744553353,Compound Measures,71.0,2
178,778,524262,318419,0.6073661642461212,0.3926338357538788,Perimeter and Area,71.0,2
46,611,401894,244209,0.6076452995068351,0.3923547004931649,Ratio,32.0,2
255,176,86263,52441,0.6079199656863313,0.39208003431366867,Algebraic Fractions,49.0,2
89,194,154131,93869,0.6090208978077091,0.39097910219229093,2D Pythagoras,271.0,3
1215,13,2713,1654,0.6096572060449686,0.39034279395503135,Perimeter and Area-Others,178.0,3
107,70,34517,21054,0.6099603094127531,0.39003969058724686,Histogram,342.0,3
1982,3,1380,842,0.6101449275362318,0.38985507246376816,Mixed operation Fractions,39.0,3
1213,13,3693,2256,0.6108854589764419,0.38911454102355814,2D Names and Properties of Shapes-Others,174.0,3
49,5727,3585224,2191919,0.6113757466758004,0.3886242533241996,Algebra,3.0,1
167,51,21118,12923,0.6119424187896582,0.38805758121034184,Graphing Linear Inequalities (Shading Regions),59.0,3
1171,10,2379,1456,0.6120218579234973,0.3879781420765027,Quadratic Graphs-Others,55.0,3
87,60,30658,18769,0.612205623328332,0.38779437667166805,Plans and Elevations,176.0,3
173,143,93543,57342,0.6130015073281806,0.3869984926718194,Other Sequences,61.0,3
272,309,167935,103280,0.6149998511328788,0.3850001488671212,Similarity and Congruency,71.0,2
67,285,233031,143496,0.6157807330355188,0.38421926696448117,Substitution into Formula,156.0,3
119,298,62493,38484,0.6158129710527579,0.3841870289472421,Advanced Pure,3.0,1
1077,81,43915,27069,0.6163953091198907,0.3836046908801093,Simplifying Algebraic Fractions,255.0,3
214,113,81936,50635,0.6179823276703769,0.38201767232962314,Rounding to Decimal Places,141.0,3
86,281,199941,123574,0.6180523254360036,0.38194767456399636,Perimeter,178.0,3
95,239,102260,63223,0.6182573831410131,0.3817426168589869,Translation and Vectors,278.0,3
69,77,27150,16794,0.6185635359116022,0.3814364640883978,Trial and Improvement and Iterative Methods,154.0,3
279,240,146539,90696,0.6189205603968909,0.3810794396031091,Right-angled Triangles (SOHCAHTOA),97.0,3
80,71,40174,24890,0.619554936028277,0.38044506397172295,Congruency in Triangles,272.0,3
220,368,215233,133732,0.6213359475545107,0.3786640524454893,Multiples and Lowest Common Multiple,37.0,3
102,347,191952,119267,0.621337626073185,0.378662373926815,"Averages (mean, median, mode) from a List of Data",338.0,3
244,69,27758,17248,0.621370415736004,0.37862958426399596,Indirect (Inverse) Proportion,45.0,3
1059,28,11258,6998,0.6216024160596909,0.3783975839403091,Best Value,46.0,3
165,100,86453,53751,0.6217366661654309,0.3782633338345691,Inequalities on Number Lines,59.0,3
350,82,41613,25879,0.6218970033403023,0.3781029966596977,Tree Diagrams with Independent Events,348.0,3
71,7068,3510786,2185730,0.6225756853308633,0.37742431466913673,Geometry and Measure,3.0,1
284,104,30527,19022,0.6231205162642907,0.37687948373570934,Vector Geometry,99.0,3
252,113,70593,44069,0.6242686951964076,0.3757313048035924,Multiplying Terms,62.0,3
64,587,432511,270009,0.624282388193595,0.37571761180640495,Linear Equations,154.0,3
44,861,514736,321689,0.6249592023872431,0.3750407976127569,Percentages,32.0,2
172,67,35857,22425,0.6254008980115459,0.37459910198845414,Quadratic Sequences,61.0,3
192,64,41853,26196,0.6259049530499605,0.3740950469500395,Construct Angle and Line Bisectors,83.0,3
141,786,511853,320717,0.6265802876997888,0.3734197123002112,Rounding and Estimating,32.0,2
348,647,396906,248735,0.6266849077615355,0.3733150922384645,Probability,101.0,2
1636,83,28169,17656,0.6267883133941567,0.37321168660584325,Systematic Listing Strategies,144.0,3
221,292,229196,143695,0.6269524773556258,0.37304752264437424,Prime Numbers and Prime Factors,37.0,3
77,352,208534,130748,0.6269864866160914,0.37301351338390865,Circles,71.0,2
154,1196,729621,457875,0.6275518385572784,0.37244816144272164,Solving Equations,49.0,2
232,147,123818,77791,0.6282689108207208,0.3717310891792792,Dividing Fractions,39.0,3
240,123,82406,51847,0.629165352037473,0.37083464796252696,Simplifying and Equivalent Ratios,46.0,3
101,2650,1379639,868705,0.6296610925031838,0.3703389074968162,Data and Statistics,3.0,1
1082,68,34589,21815,0.6306918384457486,0.3693081615542514,Recurring Decimals to Fractions,38.0,3
231,217,177196,111758,0.630702724666471,0.36929727533352896,Multiplying Fractions,39.0,3
218,24,4567,2881,0.6308298664331071,0.3691701335668929,Advanced Calculator Use,35.0,3
152,353,277867,175712,0.6323600859403959,0.36763991405960406,Expanding Brackets,49.0,2
249,87,63714,40336,0.6330790721034624,0.36692092789653763,Operations with Surds,48.0,3
182,195,146019,92560,0.6338901101911395,0.3661098898088605,Angle Facts with Parallel Lines,74.0,3
52,132,99807,63361,0.6348352319977557,0.3651647680022443,Factorising into a Single Bracket,153.0,3
197,164,61612,39119,0.634925014607544,0.365074985392456,Volume and Capacity Units,98.0,3
99,161,55645,35435,0.6368047443615779,0.36319525563842214,Basic Vectors,71.0,2
247,376,282792,180182,0.6371538091600893,0.36284619083991065,Laws of Indices,40.0,3
281,24,11245,7168,0.6374388617163184,0.36256113828368164,Area of Non Right-angled Triangles,97.0,3
253,52,51866,33082,0.6378359619018239,0.3621640380981761,Dividing Terms,62.0,3
97,432,220453,140747,0.6384444756932317,0.3615555243067683,Basic Trigonometry,71.0,2
74,1464,766421,490192,0.6395858151068408,0.36041418489315924,Angles,71.0,2
37,861,601797,385748,0.6409935576282367,0.35900644237176327,"Factors, Multiples and Primes",32.0,2
116,74,35776,22973,0.6421343917710197,0.3578656082289803,Stem and Leaf Diagram,342.0,3
655,55,36636,23528,0.642209848236707,0.357790151763293,Missing Lengths,178.0,3
540,1,210,135,0.6428571428571429,0.3571428571428571,Displacement-Time Graphs,298.0,3
3,27613,15867850,10202239,0.6429503051768198,0.35704969482318016,Maths,,0
90,145,85837,55189,0.6429511749012664,0.3570488250987336,Length Scale Factors in Similar Shapes,272.0,3
1078,59,25438,16358,0.643053699190188,0.35694630080981204,Adding and Subtracting Algebraic Fractions,255.0,3
153,364,269203,173575,0.6447736466532691,0.3552263533467309,Factorising,49.0,2
85,78,36547,23574,0.64503242400197,0.35496757599802997,Nets,176.0,3
225,563,316150,203938,0.645067214929622,0.35493278507037795,Fractions of an Amount,39.0,3
256,54,28882,18636,0.645246174087667,0.35475382591233295,Completing the Square,153.0,3
241,143,106209,68614,0.6460281143782542,0.35397188562174575,Sharing in a Ratio,46.0,3
1182,3,711,460,0.6469760900140648,0.35302390998593525,Symmetry-Others,91.0,3
239,130,119820,77551,0.6472291770989818,0.35277082290101824,Converting between Decimals and Percentages,38.0,3
61,584,346681,224425,0.6473530421338348,0.3526469578661652,Sequences,49.0,2
33,302,256307,166007,0.6476881240075378,0.35231187599246216,BIDMAS,144.0,3
140,5,432,280,0.6481481481481481,0.35185185185185186,Advanced Vectors,119.0,2
238,161,143712,93162,0.6482548430193721,0.3517451569806279,Converting between Fractions and Percentages,38.0,3
104,113,42264,27441,0.6492759795570698,0.35072402044293016,Box Plots,342.0,3
40,944,689721,448321,0.6500034071747852,0.3499965928252148,"Indices, Powers and Roots",32.0,2
48,201,129912,84461,0.6501400948334257,0.3498599051665743,Surds,32.0,2
242,109,56637,36837,0.6504052121404735,0.34959478785952647,Find Missing Quantities,46.0,3
45,285,177460,115473,0.6506987490138623,0.34930125098613773,Proportion,32.0,2
237,323,259799,169183,0.651207279473747,0.348792720526253,Converting between Fractions and Decimals,38.0,3
258,58,32922,21445,0.6513881295182553,0.3486118704817447,Horizontal and Vertical Lines,54.0,3
38,607,459013,299053,0.6515131379721272,0.3484868620278728,"Fractions, Decimals and Percentage Equivalence",32.0,2
245,230,169681,110596,0.651787766455879,0.348212233544121,"Squares, Cubes, etc",40.0,3
47,251,173494,113142,0.6521378260919686,0.3478621739080314,Standard Form,40.0,3
39,1910,1353172,882869,0.6524440352002554,0.3475559647997446,Fractions,32.0,2
342,1230,599932,391583,0.6527123073948381,0.3472876926051619,Data Representation,101.0,2
416,12,830,542,0.653012048192771,0.34698795180722897,Solving Basic Trigonometric Equations,139.0,3
181,251,157622,102959,0.6532019641928157,0.34679803580718427,"Basic Angle Facts (straight line, opposite, around a point, etc)",74.0,3
1167,15,2220,1453,0.6545045045045045,0.3454954954954955,Ratio-Others,46.0,3
243,218,151252,99021,0.6546756406526856,0.3453243593473144,Direct Proportion,45.0,3
1164,8,1774,1163,0.6555806087936866,0.3444193912063134,Negative Numbers-Others,42.0,3
1202,3,392,257,0.6556122448979592,0.3443877551020408,Advanced Algebra-Others,142.0,3
270,40,18312,12011,0.6559086937527304,0.3440913062472696,Density,79.0,3
1266,20,2286,1500,0.6561679790026247,0.3438320209973753,Probability-Others,348.0,3
1208,4,908,596,0.6563876651982379,0.3436123348017621,Expanding Brackets-Others,152.0,3
81,290,172171,113145,0.6571664217551155,0.3428335782448845,Co-ordinates,49.0,2
1183,2,82,54,0.6585365853658537,0.3414634146341463,Basic Trigonometry-Others,97.0,3
57,93,30253,19963,0.6598684427990612,0.3401315572009388,Cubics and Reciprocals,158.0,3
439,217,110079,72739,0.6607890696681474,0.33921093033185257,Angles in Triangles,74.0,3
227,133,102757,67932,0.6610936481212959,0.3389063518787041,Simplifying Fractions,39.0,3
230,376,278296,184108,0.661554603731279,0.33844539626872105,Adding and Subtracting Fractions,39.0,3
63,233,123364,81711,0.662356927466684,0.33764307253331605,Simultaneous Equations,154.0,3
219,258,197522,130838,0.6623971000698656,0.33760289993013437,Factors and Highest Common Factor,37.0,3
233,369,259740,172702,0.6649033649033649,0.3350966350966351,Percentages of an Amount,44.0,3
276,32,9518,6333,0.6653708762345031,0.3346291237654969,Rotational Symmetry,91.0,3
84,121,45434,30253,0.6658669718712859,0.33413302812871415,Properties of Polygons,174.0,3
110,71,41770,27834,0.6663634187215705,0.33363658127842954,Experimental Probability and Relative Frequency,348.0,3
366,1,54,36,0.6666666666666666,0.33333333333333337,Sigma Notation,137.0,3
195,293,145007,96813,0.6676436309971243,0.3323563690028757,Length Units,98.0,3
78,159,63412,42351,0.6678704346180534,0.3321295653819466,Circle Theorems,74.0,3
171,389,221422,147886,0.6678920793778396,0.33210792062216044,Linear Sequences (nth term),61.0,3
1174,24,4223,2821,0.6680085247454416,0.3319914752545584,Writing and Simplifying Expressions-Others,62.0,3
32,12193,7516115,5022571,0.6682403076589435,0.3317596923410565,Number,3.0,1
111,216,170197,113756,0.668378408550092,0.331621591449908,Probability of Single Events,348.0,3
53,137,105317,70493,0.6693411320109763,0.33065886798902366,Factorising into a Double Bracket,153.0,3
98,1135,410707,275597,0.6710306861095623,0.3289693138904377,Units of Measurement,71.0,2
117,87,49354,33205,0.6727924788264376,0.32720752117356244,Time Series and Line Graphs,342.0,3
176,395,139800,94170,0.6736051502145923,0.32639484978540767,3D Shapes,71.0,2
66,11,6809,4590,0.6741077985019827,0.32589220149801734,Solving Other Powers of x,154.0,3
50,203,159086,107299,0.6744716694115133,0.32552833058848674,Expanding Single Brackets,152.0,3
1676,61,32376,21856,0.6750679515690635,0.3249320484309365,Roman Numerals,144.0,3
180,118,43681,29490,0.6751219065497585,0.32487809345024155,Measuring Angles,74.0,3
283,51,20688,13998,0.6766241299303944,0.32337587006960555,Add and Subtract Vectors,99.0,3
115,163,118369,80242,0.6778970845407158,0.32210291545928416,Scatter Diagram,342.0,3
226,218,166202,112696,0.6780664492605384,0.3219335507394616,Equivalent Fractions,39.0,3
280,103,39056,26496,0.6784104875051209,0.3215895124948791,Non Right-angled Triangles (Sine and Cosine Rules),97.0,3
246,104,70954,48184,0.6790878597401133,0.3209121402598867,"Square Roots, Cube Roots, etc",40.0,3
1265,5,664,451,0.6792168674698795,0.3207831325301205,Data Representation-Others,342.0,3
91,172,48196,32757,0.6796622126317536,0.32033778736824636,Symmetry,71.0,2
654,18,1491,1015,0.6807511737089202,0.31924882629107976,Relating Quadratic Graphs to the Discriminant,55.0,3
42,446,422349,287694,0.6811759942606707,0.31882400573932934,Negative Numbers,32.0,2
159,76,27380,18683,0.6823593864134405,0.3176406135865595,Equation of a Circle,158.0,3
248,103,63089,43052,0.6824010524814151,0.31759894751858486,Simplifying Surds,48.0,3
1172,10,611,417,0.6824877250409165,0.3175122749590835,Inequalities-Others,59.0,3
224,225,123015,84004,0.6828760720237369,0.3171239279762631,Multiplying and Dividing with Decimals,36.0,3
1180,22,2474,1691,0.6835084882780922,0.3164915117219078,Co-ordinates-Others,81.0,3
1750,15,6186,4232,0.6841254445522147,0.3158745554477853,Pressure,79.0,3
211,257,228554,156402,0.684310928708314,0.315689071291686,Adding and Subtracting Negative Numbers,42.0,3
208,201,129513,88770,0.685413819462139,0.314586180537861,Written Division,144.0,3
1156,98,15918,10919,0.6859530091720065,0.3140469908279935,Maths-Others,3.0,1
209,491,137682,94448,0.6859865487137026,0.31401345128629743,Time,98.0,3
1081,41,9733,6686,0.6869413336073154,0.31305866639268465,Algebraic Proof,62.0,3
331,369,126776,87149,0.6874250646810122,0.31257493531898783,Money,32.0,2
35,78,25323,17414,0.6876752359515065,0.3123247640484935,Calculator Use,32.0,2
274,27,17775,12276,0.690632911392405,0.309367088607595,Congruency in Other Shapes,272.0,3
462,1,139,96,0.6906474820143885,0.3093525179856115,"Co-ordinate Geometry Problems (tangents, normals)",126.0,3
118,64,24969,17253,0.690976811245945,0.309023188754055,Two Way Tables,342.0,3
213,238,188487,130459,0.6921379193260012,0.3078620806739988,"Rounding to the Nearest Whole (10, 100, etc)",141.0,3
649,61,31743,21984,0.6925621396843399,0.3074378603156601,Function Machines,154.0,3
1162,21,2191,1522,0.6946599726152441,0.30534002738475585,Fractions-Others,39.0,3
222,164,94263,65695,0.696933049022416,0.30306695097758396,Ordering Decimals,36.0,3
1170,31,2679,1871,0.6983949234789101,0.3016050765210899,Straight Line Graphs-Others,54.0,3
448,6,1055,737,0.6985781990521327,0.3014218009478673,Transformations of Matrices,130.0,3
36,547,311296,217985,0.7002499229029605,0.2997500770970395,Decimals,32.0,2
207,228,109682,76988,0.7019200962783319,0.29807990372166815,Written Multiplication,144.0,3
217,49,20048,14114,0.7040103750997606,0.2959896249002394,Basic Calculator Use,35.0,3
73,196,63238,44570,0.7047977481893798,0.2952022518106202,"Types, Naming and Estimating",74.0,3
198,130,45960,32404,0.7050478677110531,0.2949521322889469,Weight Units,98.0,3
210,122,125579,88974,0.7085101808423383,0.2914898191576617,Ordering Negative Numbers,42.0,3
120,13,865,614,0.7098265895953757,0.2901734104046243,Factor Theorem,142.0,3
367,2,121,86,0.7107438016528925,0.2892561983471075,Summing Series,137.0,3
229,139,101079,71907,0.7113940581129612,0.2886059418870388,Converting Mixed Number and Improper Fractions,39.0,3
351,8,1129,804,0.7121346324180691,0.28786536758193093,Using the Probability Addition Formula,348.0,3
1211,2,278,198,0.7122302158273381,0.28776978417266186,Formula-Others,156.0,3
275,123,33149,23615,0.7123895140124891,0.28761048598751093,Line Symmetry,91.0,3
1184,15,7246,5165,0.7128070659674303,0.28719293403256974,Units of Measurement-Others,98.0,3
282,51,19349,13799,0.7131634709804124,0.28683652901958756,Exact Values of Trigonometric Ratios,97.0,3
206,168,101395,72333,0.7133783717145816,0.2866216282854184,Written Subtraction,144.0,3
1985,4,218,156,0.7155963302752294,0.2844036697247706,Reading Scales,98.0,3
144,4061,1998967,1431914,0.716326982886661,0.28367301711333903,Basic Arithmetic,32.0,2
1159,18,3665,2626,0.7165075034106412,0.2834924965893588,Decimals-Others,36.0,3
1975,8,706,506,0.71671388101983,0.28328611898017,Combining Operations,144.0,3
406,161,112409,80630,0.7172913200900284,0.2827086799099716,Naming Co-ordinates in 2D,81.0,3
223,149,95884,68794,0.7174711109257019,0.2825288890742981,Adding and Subtracting with Decimals,36.0,3
371,15,1579,1136,0.7194426852438252,0.28055731475617485,Finding the Gradient,126.0,3
1168,3,521,376,0.7216890595009597,0.27831094049904026,Surds-Others,48.0,3
41,269,93180,67706,0.7266151534664091,0.27338484653359085,Basic Money,331.0,3
204,968,399109,290574,0.7280567464026119,0.27194325359738813,Mental Multiplication and Division,144.0,3
372,20,1875,1367,0.7290666666666666,0.27093333333333336,Finding Maximums and Minimums,126.0,3
203,984,408634,298479,0.7304311437618994,0.26956885623810056,Mental Addition and Subtraction,144.0,3
1210,18,2346,1718,0.73231031543052,0.26768968456947995,Solving Equations-Others,154.0,3
441,3,314,230,0.732484076433121,0.26751592356687903,Addition and Subtraction of Vectors,140.0,3
205,131,75002,55028,0.7336871016772886,0.26631289832271143,Written Addition,144.0,3
177,216,54126,39724,0.7339171562650113,0.2660828437349887,Names and Properties of 3D Shapes,176.0,3
1076,16,1198,881,0.7353923205342237,0.26460767946577635,Solving Trigonometric Equations,154.0,3
108,92,33472,24674,0.7371534416826003,0.26284655831739967,Pictogram,342.0,3
142,22,1619,1194,0.7374922791846819,0.26250772081531815,Advanced Algebra,119.0,2
317,1,50,37,0.74,0.26,Regression,151.0,2
487,1,50,37,0.74,0.26,Regression Equation,317.0,3
1169,15,2806,2079,0.7409123307198859,0.25908766928011406,Algebra-Others,49.0,2
199,29,6911,5122,0.7411373173202142,0.25886268267978585,Temperature units,98.0,3
202,873,524875,389234,0.7415746606334842,0.2584253393665158,Place Value,144.0,3
1157,26,5447,4051,0.7437121351202497,0.2562878648797503,Number-Others,32.0,2
106,142,73654,54904,0.7454313411355799,0.25456865886442015,Block Graphs and Bar Charts,342.0,3
1983,4,229,171,0.7467248908296943,0.2532751091703057,Drawing Axes,54.0,3
374,10,989,739,0.7472194135490394,0.2527805864509606,Increasing and Decreasing Functions,126.0,3
139,27,1565,1172,0.7488817891373802,0.25111821086261976,Advanced Trigonometry,119.0,2
137,22,1424,1068,0.75,0.25,Sequences and Series,119.0,2
1187,9,726,548,0.7548209366391184,0.24517906336088158,Data and Statistics-Others,101.0,2
336,50,15655,11885,0.7591823698498882,0.24081763015011182,Tally Charts,113.0,3
365,1,46,35,0.7608695652173914,0.23913043478260865,Recurrence Relations,137.0,3
1203,136,10997,8391,0.7630262798945167,0.23697372010548334,Basic Arithmetic-Others,144.0,3
1173,4,205,157,0.7658536585365854,0.23414634146341462,Sequences-Others,61.0,3
451,2,133,102,0.7669172932330827,0.23308270676691734,Roots of Polynomials,119.0,2
453,2,133,102,0.7669172932330827,0.23308270676691734,Cubic Equations,451.0,3
1160,21,3801,2927,0.7700605103920021,0.22993948960799793,"Factors, Multiples and Primes-Others",37.0,3
361,17,1182,912,0.7715736040609137,0.2284263959390863,Arithmetic Sequences,137.0,3
1650,35,16711,12942,0.7744599365687271,0.22554006343127286,Frequency Trees,342.0,3
430,15,1474,1143,0.7754409769335142,0.22455902306648579,Laws of Logarithms,128.0,3
126,65,6221,4827,0.7759202700530461,0.2240797299469539,Differentiation,119.0,2
128,18,1625,1274,0.784,0.21599999999999997,Exponentials and Logarithms,119.0,2
130,15,2726,2150,0.7887013939838592,0.2112986060161408,Matrices,119.0,2
1177,5,651,515,0.7910906298003072,0.2089093701996928,Angles-Others,74.0,3
1264,4,356,283,0.7949438202247191,0.2050561797752809,Data Processing-Others,338.0,3
184,79,39519,31476,0.7964776436650725,0.20352235633492755,Parts of a Circle,77.0,3
1988,6,448,358,0.7991071428571429,0.2008928571428571,Labelling Shapes,174.0,3
1980,16,1420,1135,0.7992957746478874,0.20070422535211263,Types of number,32.0,2
1976,3,288,232,0.8055555555555556,0.19444444444444442,Frequency tables,113.0,3
375,12,884,714,0.8076923076923077,0.1923076923076923,Equations of Tangents,126.0,3
1165,10,2116,1716,0.8109640831758034,0.18903591682419663,Percentages-Others,44.0,3
1163,4,529,430,0.8128544423440454,0.18714555765595464,"Indices, Powers and Roots-Others",40.0,3
1204,1,65,54,0.8307692307692308,0.16923076923076918,Functions-Others,146.0,3
418,5,233,194,0.8326180257510729,0.1673819742489271,Reciprocal Trigonometric Identities,139.0,3
1178,1,84,70,0.8333333333333334,0.16666666666666663,Circles-Others,77.0,3
1212,4,7747,6462,0.8341293403898283,0.16587065961017167,Other Graphs-Others,158.0,3
1214,24,8890,7454,0.8384701912260968,0.16152980877390322,3D Shapes-Others,176.0,3
446,4,775,651,0.84,0.16000000000000003,Addition and Subtraction of Matrices,130.0,3
1987,2,149,126,0.8456375838926175,0.15436241610738255,Sorting Shapes,174.0,3
447,5,896,762,0.8504464285714286,0.1495535714285714,Multiplication of Matrices,130.0,3
1217,3,148,126,0.8513513513513513,0.14864864864864868,Pythagoras-Others,271.0,3
417,11,564,487,0.8634751773049646,0.1365248226950354,Basic Trigonometric Identities,139.0,3
370,1,52,45,0.8653846153846154,0.13461538461538458,Differentiation from First Principals,126.0,3
131,1,60,52,0.8666666666666667,0.1333333333333333,Modulus Function,146.0,3
432,1,60,52,0.8666666666666667,0.1333333333333333,Graphs of Exp and Log Functions,128.0,3
200,186,22134,19267,0.8704707689527423,0.12952923104725766,Counting,144.0,3
355,6,377,331,0.8779840848806366,0.12201591511936338,Remainder Theorem,142.0,3
129,4,170,150,0.8823529411764706,0.11764705882352944,Integration,119.0,2
388,4,170,150,0.8823529411764706,0.11764705882352944,Basic Indefinite Integration,129.0,3
369,18,1800,1592,0.8844444444444445,0.11555555555555552,Basic dy/dx,126.0,3
431,5,476,421,0.884453781512605,0.11554621848739499,Solving Equations with Exps and Logs,128.0,3
354,4,244,217,0.889344262295082,0.11065573770491799,Algebraic Division,142.0,3
411,7,466,422,0.9055793991416309,0.09442060085836912,Radians,119.0,2
412,7,466,422,0.9055793991416309,0.09442060085836912,Converting Between Degrees and Radians,411.0,3
